conversation_id,questions_id,questions,answer,source
1,1,Google Cloud 的 N4A 虛擬機器有什麼特色？,"Google Cloud 的 N4A 應用於一般用途的虛擬機器，採用最新一代 Google Axion 處理器（內建 Arm Neoverse N3 樣式核心），搭配動態資源管理與 Titanium 瓦特卸載技術。其特色包括：

- **性價比提升**：比 x86 虙擬機器高 200%（price-performance），每瓦效能領先 80%。
- **效能表現**：運算密集工作負載提升 5%；資料庫（MySQL）提升 20%；Java（SPECjbb2015）成本效益高 85%；網站伺服器（Nginx）高 90%；CPU 效能（SPECrate2017）達 205%。
- **適用範圍廣泛**：適合微服務、容器化應用、開源資料庫、批次處理、資料分析、開發測試、網站服務與 AI 應用。
- **支援 GKE**：可在 Autopilot 或標準模式使用，需 GKE 版本 1.34.1-gke.3403001。
- **擴展區域**：支援 8 個區域（含美洲、歐洲、亞洲），擴展至南卡羅萊納、奧勒岡、新加坡、比利時、倫敦等。

此為 Google Cloud 第二批採用 Axion 處理器的虛擬機器，也是目前最具成本效益的 N 系列服務。",data_04.txt
1,2,它跟上一代的 C4A 有什麼不同？,N4A 是 Google Cloud 引入 Arm � Glass 擴展的第二代虛擬機器系列，採用 Axion 處理器，專為一般用途設計，具備兩倍性價比與 80% 能效優勢；而 C4A 是第一款 Arm � Glass 虐機服務，提供裸機組態（C4A metal），專為高負載、需單一用戶實體伺服器的特殊應用（如 Android 開發、自動駕駛、嚴格授權需求等）設計。N4A 炏機器更適合微服務、容器化、資料庫、AI 等常見雲端工作負載。,data_04.txt
1,3,那目前可以在哪些地區使用這個服務？,"目前 Google Cloud 的 N4A 設備支援以下地區：

- us-central1（愛荷華州）
- us-east4（北維吉尼亞州）
- europe-west3（法蘭克福）
- europe-west4（荷蘭）
- us-east1（南卡羅萊納州）
- us-west1（奧勒岡州）
- asia-southeast1（新加坡）
- europe-west1（比利時）
- europe-west2（倫敦）",data_04.txt
2,1,最近去日本旅遊天氣要注意什麼？,注意強風、降雪甚至暴風雪，天氣條件惡劣；同時需防備流感，因日本正處第二波流感流行，A型H3N2與B型病毒混合流行，東京等關東地區亦有上升趨勢。,data_03.txt
2,2,那邊現在有流感疫情嗎？,有。日本目前正經歷第二波流感流行，病例數連續三週上升，42個都道府縣患者數比前一周增加，東京等區域亦出現流行。病毒型別以A型H3N2為主，但B型流感比例明顯增加。,data_03.txt
2,3,東京的情況嚴重嗎？,東京目前流感疫情嚴重程度較高，尤其在八王子市、町田市、中野區、豐島區、北區、荒川區、江東區等區域流行明顯，且全日本47個都道府縣中，有38個超過10人，42個縣患者數比前一周增加，顯示疫情持續擴散。,data_03.txt
