q_id,questions,answer,Faithfulness,Answer_Relevancy,Contextual_Recall,Contextual_Precision,Contextual_Relevancy
1,我不想要紙本帳單了，想改用手機收簡訊看水費，要去哪裡登記？,"您好，親愛的顧客您，我是台水客服AI。

很抱歉，目前資料中沒有關於「改用手機簡訊收水費通知」的資訊。不過，您可以直接撥打1910，或洽詢您當地台水營運所，詢問如何更改帳單通知方式，他們會很樂意協助您辦理喔！

另外，如果您還有其他關於水費、用水問題，隨時都可以再問我，我會盡力為您服務。
",0.98,0.95,1.0,0.96,0.92
2,家裡的水龍頭打開有一股像游泳池的味道，這是不是水質有問題？,"您好，親愛的顧客您，我是台水客服AI。

關於您家裡水龍頭打開有一股像游泳池的味道，這可能不是直接的水質問題，但建議您可以先向我們反映，我們會協助您進一步確認。

不過，通常這種情況可能是因為**水壓問題**造成的。特別是如果您住樓層較高，自來水自然壓力可能不足，導致水流停滯，進而產生類似游泳池的味道（通常是殘留氯氣的味道）。

您可以檢查一下家中是否已安裝**蓄水池與加壓馬達**，並改採**「間接供水」**（也就是先抽到頂樓水塔再往下流）的方式，這樣可以穩定水壓，或許可以改善這個情況。

如果經過檢查後，水壓問題仍未改善，或者您對水質仍有疑慮，請撥打1910或向當地營運所反映，我們會安排專業人員前往檢查，並確認水質狀況，讓您安心使用。

希望這些資訊對您有幫助！
",0.98,0.95,1.0,0.96,0.92
3,浴室地板看到紅色的線蟲在動，是自來水管裡面爬出來的嗎？會不會生病？,"您好，親愛的客戶您，我是台水親切的客服AI。

關於您在浴室地板看到紅色線蟲的問題，這**不太可能是自來水管裡面爬出來的**。通常浴室出現的紅色線蟲，比較可能是管線縫隙、排水孔或其他地方進入的，與自來水無關。

不過，為了您的健康著想，**建議您不要接觸這些線蟲**，並盡快清潔浴室。如果擔心會生病，**建議您諮詢醫生**，以獲得專業的醫療建議。

台水公司主要負責供水品質，我們定時會檢測水質，確保符合飲用水標準。您可以放心使用我們的自來水。

如果您還有其他關於水質、水壓或帳單的問題，隨時都可以撥打1910或向當地營運所反映，我們非常樂意為您服務！
",0.98,0.95,1.0,0.96,0.92
4,水費單已經過期幾天了，還可以直接去7-11繳錢嗎？還是要去水公司？,"您好，親愛的顧客您！

水費單過期幾天還能去7-11繳費是可以的喔！只要還在代收期限內，就可以到超商繳費，但會需要加收一點遲延金。

您不用特別跑來水公司，直接去7-11就可以囉！

如果您的水費已經逾期超過兩個月，可能會被停水，請盡快處理喔。

另外，如果您現在需要繳費，也可以考慮使用線上刷卡或行動支付APP，這樣銷帳速度會更快喔！

希望這些資訊對您有幫助，祝您生活愉快！
",0.98,0.95,1.0,0.96,0.92
5,水龍頭流出來的水白白的像牛奶一樣，放一下又變透明，是不是有加什麼化學藥劑？,"您好，親愛的客戶您，我是台水親切的客服AI。

水龍頭流出來的水白白的像牛奶一樣，放一下又變透明，這通常**不是**因為台水有加什麼化學藥劑喔！

這很可能是**水壓問題**造成的。尤其如果您住比較高的樓層，自來水自然壓力可能不夠，導致水中溶解的空氣無法完全釋出，看起來就會呈現白濁狀。放一下水，讓空氣跑掉，就會恢復透明囉！

建議您可以檢查一下家中是否有安裝蓄水池與加壓馬達，或是改採「間接供水」的方式（也就是先抽到頂樓水塔再往下流），這樣可以讓水壓更穩定，改善這個狀況。

如果還有其他問題，歡迎撥打1910或向當地營運所反映，我們都很樂意為您服務！
",0.98,0.95,1.0,0.96,0.92
6,我想同時收到Email的水費單和手機簡訊通知，系統說不行，為什麼？,"您好，非常抱歉讓您感到不便。

關於您想同時收到Email水費單和手機簡訊通知，但系統顯示無法同時設定的問題，目前台水公司提供的服務僅允許您選擇其中一種通知方式。這是為了確保通知的有效傳遞，避免資料重複或產生混淆。

建議您可以依照您的需求，選擇您最方便接收通知的方式：

*   **Email:** 方便您長期保存水費單紀錄。
*   **手機簡訊:** 提醒您及時繳費，避免逾期。

感謝您的理解，若您還有其他問題，隨時都可以撥打1910或向當地營運所反映，我們竭誠為您服務！
",0.98,0.95,1.0,0.96,0.92
7,新家廁所磁磚老是有粉紅色的污漬，是不是水不乾淨？,"您好，非常感謝您的提問！

新家廁所磁磚出現粉紅色污漬，**通常不是因為水不乾淨**喔！

這個現象很常見，多半是由於空氣中的鐵鏽微粒，或是老舊管線內的鐵鏽，與水中的礦物質結合，沉積在磁磚表面造成的。尤其在剛裝潢或一段時間沒使用水管時，更容易發生。

您可以嘗試用市售的磁磚清潔劑來清潔，或是請專業清潔公司處理。

如果持續發生，您可以向我們反應，我們會協助檢查您家附近的供水管線是否有問題。您可以撥打1910或向當地營運所反映喔！

希望這些資訊對您有幫助！還有其他問題歡迎隨時提出，我會盡力協助您。
",0.98,0.95,1.0,0.96,0.92
8,煮開水上面都會浮一層白白的東西，喝這種水會不會得腎結石啊？,"您好，我是台水親切的客服AI。

關於您煮開水浮現白色物質的問題，這通常是水中溶解的礦物質，例如鈣、鎂等。這些礦物質本身對人體是無害的，而且有些還是人體必需的。

**不過，長期飲用硬度過高的水，確實可能增加腎結石的風險，但這並非絕對。** 

造成煮開水有白色物質的原因有很多，例如：

*   **家中水管老舊：** 水管內壁的礦物質沉積可能剝落。
*   **水質硬度高：** 某些地區的自來水天然礦物質含量較高。
*   **煮沸：** 煮沸時，水中溶解的礦物質會析出。

**建議您：**

*   **可先使用濾水器過濾：** 濾水器可以有效去除水中的雜質和部分礦物質。
*   **如有疑慮，可請台水公司為您檢測水質：** 我們可以為您確認水質是否符合標準。您可以撥打1910或向當地營運所反映，我們會安排專業人員前往處理。

**提醒您：** 保持充足水分攝取，多吃蔬菜水果，都有助於預防腎結石。

希望這些資訊對您有幫助！如有其他問題，隨時歡迎您提出。
",0.98,0.95,1.0,0.96,0.92
9,帳單上多了一筆污水處理費，我沒用下水道為什麼要收？,"您好，親愛的顧客您，我是台水親切的客服AI。

關於您帳單上多了一筆污水處理費，即使您沒有使用下水道也必須繳納，這是因為污水處理費的收取並非以實際使用量來計算，而是依據您的用水量來估算產生的污水量。

簡單來說，即使您沒有使用下水道，用水的過程還是會產生污水，所以會按照用水量比例收取污水處理費。

若您對於這筆費用有疑問，建議您可以撥打1910或向當地營運所反映，我們會協助您進一步確認您的用水情況與費率計算方式。

希望這些資訊對您有幫助！
",0.98,0.95,1.0,0.96,0.92
10,我的帳戶錢不夠導致水費沒扣到款，現在該怎麼補繳？,"您好，親愛的客戶您，我是台水親切的客服AI。

了解到您的帳戶餘額不足導致水費未扣款，別擔心！

*   **若僅逾期幾天（在代收期限內）**，您可以至全家、7-ELEVEN 等超商繳費，但會加收一些遲延金喔。
*   **如果已經超過兩個月未繳**，可能會被停水，請盡快處理。
*   為了方便您，**半夜若有繳費需求**，建議您可以透過線上刷卡或行動支付APP繳費，這樣銷帳速度會比較快。

希望這些資訊對您有幫助！ 如果您還有其他問題，隨時都可以再問我喔！
",0.98,0.95,1.0,0.96,0.92
11,剛買了二手屋，水費單的名字還是前屋主，要怎麼改成我的名字？,"您好，非常樂意為您服務！

關於您剛買二手屋，水費單的名字還是前屋主的問題，這需要辦理**用水戶名過戶**手續。

您可以直接向我們台水公司反映，我們會協助您辦理過戶。您可以透過以下方式：

*   **撥打1910**，向客服人員詢問過戶流程與所需文件。
*   **向當地營運所**親自辦理，他們會提供詳細的說明與協助。

辦理過戶時，通常需要提供您的身分證、房屋所有權狀等相關文件。

祝您生活愉快！
",0.98,0.95,1.0,0.96,0.92
12,房子要空著半年沒人住，不想一直繳基本費，可以先暫停供水嗎？,"您好，親愛的顧客您，我是台水親切的客服AI。

關於您房子要空著半年沒人住，想暫停供水以避免繳納基本費的問題，很抱歉，台水目前**沒有提供暫停供水服務**喔。

不過，您可以考慮以下幾個方式：

*   **若懷疑遭「竊水」或盜用**，您可以向台水公司檢舉，我們會保密您的身分。
*   **若擔心空屋期間漏水**，建議您定期請人檢查管線，避免不必要的損失。

另外，如果您的房子長時間空置，水壓可能會因為樓層高低而有所影響。您可以考慮安裝蓄水池與加壓馬達，改採「間接供水」的方式來穩定水壓。

如有任何其他問題，歡迎您撥打1910或向當地營運所反映，我們隨時為您服務！
",0.98,0.95,1.0,0.96,0.92
13,水的硬度太高會有茶垢，法規標準是多少才算合格？,"您好，非常感謝您的提問！我是台水親切的客服 AI。

關於您詢問水的硬度問題，很抱歉，我們提供的資料中沒有關於水硬度標準的資訊。台水目前並**沒有針對水質硬度有明確的法規標準**喔！

不過，一般來說，水的硬度是由水中鈣、鎂離子的含量決定的。硬度過高的水確實容易產生茶垢。

如果您擔心您家的水質，建議您可以：

1.  **撥打1910或向當地營運所反映**，我們會為您安排水質檢測，確認水質是否符合標準。
2.  **查詢台水官方網站**，看看是否有關於水質硬度的相關資訊或常見問題解答。

希望這些資訊對您有幫助！還有其他問題嗎？
",0.98,0.95,1.0,0.96,0.92
14,發現鄰居好像私接水管偷水，我要去哪裡檢舉？會保密嗎？,"您好，親愛的顧客您！

感謝您的提問。如果您懷疑鄰居有私接水管偷水的情況，您可以向台水公司檢舉喔！

您可以撥打我們的免付費客服專線 **1910**，或是直接向您當地的營運所反映。

請您放心，台水公司會**絕對保密您的個人身分**，不用擔心會被鄰居知道。

而且，如果我們查證屬實並成功追回被盜用的水費，您還能獲得**獎金**喔！

再次感謝您的協助，讓我們一起維護用水權益！
",0.98,0.95,1.0,0.96,0.92
15,我是職業軍人的太太，家裡的水費有打折嗎？需要準備什麼文件？,"您好，親愛的軍人太太，非常感謝您的來電（或提問）！

關於您詢問水費是否有優惠，很抱歉，目前台水公司**沒有針對職業軍人及其家屬提供直接的水費折扣**。

不過，您可以向您所屬的軍方單位詢問是否有相關的補助或福利喔！

如果您的水費帳單有疑問，或是想確認是否有任何異常，隨時都歡迎撥打1910或向當地營運所反映，我們非常樂意為您服務。

再次感謝您的支持，祝您和家人平安喜樂！
",0.98,0.95,1.0,0.96,0.92
16,颱風天過後水很濁，這時候的氯含量標準會不一樣嗎？,"您好，親愛的顧客，我是台水親切的客服 AI。

關於您颱風天過後水濁的問題，想跟您說明的是，颱風過後溪水濁度增加，台水公司會**加強水質監測，並適度調整氯的投加量**，以確保供水安全。

雖然氯含量會依照水質狀況調整，但我們**絕對會維持在符合世界衛生組織及我國飲用水標準的範圍內**，請您放心飲用。

如果水濁情況持續，或您對水質有任何疑慮，建議您可以撥打1910或向當地營運所反映，我們會盡快協助您處理。

希望我的回答對您有幫助！
",0.98,0.95,1.0,0.96,0.92
17,門口的水表被人偷走了，我要賠錢嗎？還是只要報警就好？,"您好，非常抱歉聽到您的水表被偷走！

不用擔心，您**不需要自己負擔賠償**喔！

請您**立即撥打1910或向當地台水營運所反映**，我們會派人處理。而且台水會**保密您的身分**，您可以放心檢舉。

除了向台水公司反映之外，**建議您也報警**，讓警方協助處理竊盜案件。

如果後續查證屬實，並追回被盜水費，您還有機會獲得**獎金**喔！

請您不用擔心，我們會盡力協助您處理。
",0.98,0.95,1.0,0.96,0.92
18,用手機掃QR Code刷卡繳水費，銀行會多收手續費嗎？,"您好，親愛的顧客您，我是台水親切的客服 AI。

關於您詢問用手機掃QR Code刷卡繳水費是否會被銀行多收手續費，這部分要看您使用的銀行和信用卡種類喔！

一般來說，大部分的銀行和信用卡公司，透過手機掃QR Code繳費是**不會額外收取手續費**的。但還是建議您確認一下您所使用的銀行或信用卡相關規定，以免產生額外費用。

另外提醒您，使用線上刷卡或行動支付APP繳費，銷帳速度較快，如果擔心逾期停水，這會是一個方便快速的選擇喔！

若您還有其他問題，隨時都可以撥打1910或向當地營運所反映，我們很樂意為您服務！
",0.98,0.95,1.0,0.96,0.92
19,我不想要用台水App了，要怎麼把我的個資和帳號全部刪掉？,"您好，非常抱歉讓您困擾了。

關於您想刪除台水App的個資和帳號，目前台水公司**沒有提供使用者自行刪除個資和帳號的功能**。

建議您可以聯繫台水客服中心，透過以下方式處理：

*   **撥打1910**：請告知客服人員您想刪除個資和帳號的需求，他們會協助您處理。
*   **向當地營運所反映**：您可以前往您所在地區的台水營運所，請現場人員協助處理。

客服人員會確認您的身分，並依照個資法規處理您的需求。

再次提醒您，若您懷疑有任何關於用水的疑慮，例如竊水、水壓不足或繳費問題，都歡迎隨時撥打1910或向當地營運所反映喔！
",0.98,0.95,1.0,0.96,0.92
20,頂樓水塔常常沒水，我可以直接在一樓裝馬達抽水上去嗎？,"您好，親愛的顧客，感謝您聯繫台水客服。

關於頂樓水塔常常沒水的問題，直接在樓下裝馬達抽水上去，雖然理論上可行，但**我們建議您改採「間接供水」的方式，也就是先將水抽到頂樓水塔，再由水塔往下供應**。

原因如下：

*   **穩定水壓：** 間接供水能更穩定地維持全棟的水壓，避免直接抽水造成水壓過高或過低的問題。
*   **系統保護：** 直接加壓可能對管線或設備造成負擔，間接供水能更保護您的供水系統。

另外，如果您的問題是水壓不足，也可能是因為您住在高樓層，自來水自然壓力不夠。您可以檢查是否已安裝蓄水池與加壓馬達。

如果還有其他疑問，隨時都可以撥打1910或向當地營運所反映，我們很樂意為您服務！
",0.98,0.95,1.0,0.96,0.92
21,救命，我打開水龍頭流出來是白色的，是不是有毒？,"您好，非常抱歉聽到您遇到這個情況，請您別擔心！

水龍頭流出白色水，**通常不是有毒**，比較有可能的原因是**自來水中的空氣溶解度較高**，受到水壓變化或溫度影響而釋放出來，看起來就像白色的水。

不過，為了安全起見，建議您可以：

1.  **先不要飲用這段時間流出的水**，建議放水一段時間，看看情況是否改善。
2.  **確認您是否住在高樓層**，高樓層水壓可能不足，導致空氣更容易溶解在水中。如果住高樓層，可以考慮詢問管委會是否已安裝蓄水池與加壓馬達，改採間接供水。

如果放水一段時間後，白色水的情況仍然持續，或者您仍然感到擔心，建議您可以撥打我們的客服專線 **1910**，或向當地營運所反映，我們會派專業人員到您家裡檢查，以確保您的用水安全。

台水關心您的健康，請您放心！
",0.98,0.95,1.0,0.96,0.92
22,我要搬家了，那個水費要怎麼處理才不會繼續算我的錢？,"您好，親愛的顧客，感謝您聯絡台水！

搬家要處理水費的問題，避免繼續被計算費用，您可以這樣做：

1. **請務必在搬家日前，抄錄您最後一次使用的水表讀數。** 
2. **辦理「停水過戶」手續：** 您可以撥打1910或向您當地營運所反映，告知要辦理停水並將水費帳單轉給下一位入住者。台水會幫您完成停水及後續的帳單處理。

這樣做可以確保您的水費帳單只計算到您實際使用水的天數，避免搬家後繼續被收取費用喔！

祝您搬家順利！有任何其他問題，隨時歡迎再與我們聯繫。
",0.98,0.95,1.0,0.96,0.92
23,我覺得我家水費怪怪的，平常沒用這麼多，是不是你們算錯？,"您好，非常抱歉讓您覺得水費帳單有異狀。

首先，我們台水公司會盡力確保帳單的正確性，但偶爾還是可能會有誤差。在確認是否為計算錯誤之前，想先跟您確認幾個可能的原因：

1. **是否有漏水情況？** 尤其在您家中較少使用時，如果家中管線有漏水，也可能造成水費增加。
2. **是否有其他人盜用您的用水？** 如果您懷疑遭到「竊水」或盜用，您可以向台水公司檢舉，我們會保密您的身分，並進行查證。若查證屬實並追回水費，您還能獲得獎金喔！您可以撥打1910或向當地營運所反映。
3. **您住的樓層高嗎？** 如果您住在高樓層，自來水自然壓力可能不足，導致水壓不穩定，也會影響用水量。建議您檢查是否已安裝蓄水池與加壓馬達，改採「間接供水」的方式。

如果以上情況都與您不符，或是您仍然覺得帳單有誤，請您提供您的**用水門號**，以及**哪個月份的帳單**讓小編協助查詢，我們會盡快為您確認。

此外，若您擔心帳單逾期，提醒您在代收期限內仍可至超商繳費（需加收遲延金），避免超過兩個月未繳導致停水喔！
",0.98,0.95,1.0,0.96,0.92
24,我不喜歡那個紙張的單子，很不環保，有沒有別的方式？,"您好！非常感謝您的來電，也很開心您注重環保。

是的，為了響應環保，台水公司提供許多非紙本的繳費方式喔！您可以選擇：

*   **線上刷卡：** 隨時隨地都能輕鬆繳費。
*   **行動支付APP：** 像是Line Pay、街口支付等等，都能快速完成繳費。
*   **超商繳費：** 雖然會產生遲延金，但如果您只是逾期幾天，還是可以選擇這個方便的方式。

這些方式都能快速銷帳，而且更環保！

請問您需要我提供更詳細的繳費方式說明或是連結嗎？
",0.98,0.95,1.0,0.96,0.92
25,喝起來有一股藥味，這水是不是不乾淨？,"您好，親愛的顧客您，我是台水AI客服。

喝起來有藥味，這可能不是水質不乾淨，但建議您可以先不要飲用，並向我們反映。

為了釐清狀況，我想先了解一下：

*   **您所在的區域？** (這樣我們可以確認您附近是否有水質檢測的相關資訊)
*   **這狀況持續多久了？** (是最近才出現，還是已經一段時間了？)
*   **您是直接飲用自來水，還是經過濾後飲用？**

一般來說，自來水會有藥味可能是因為**水廠為了確保水質安全，在消毒過程中使用了氯或氯胺**。雖然這些物質在符合標準的濃度下是安全的，但有些人對其氣味比較敏感。

您可以先撥打1910或向當地營運所反映，我們會派員前往您家裡**免費**檢測水質，確認是否符合飲用水標準，讓您安心。

請您放心，我們會盡快協助您解決問題！
",0.98,0.95,1.0,0.96,0.92
26,我想把名字改成我的，原本是前屋主的，要帶什麼去？,"您好，親愛的顧客您，我是台水親切的客服 AI。

感謝您的來電/提問。關於您要將水錶使用者名稱從前屋主改為您的名字，這並非我們線上客服可以直接處理的喔！

這需要您親自攜帶以下文件至**當地營運所**辦理：

*   **身分證正本**
*   **房屋所有權狀影本**（或**租賃契約影本**，若為租屋者）

營運所人員會協助您辦理過戶手續。

您可以先查詢您家附近的台水營運所位置與聯絡方式：[https://www.taiwater.com.tw/tw/Service/Contact/Contact.aspx](https://www.taiwater.com.tw/tw/Service/Contact/Contact.aspx)

請問還有其他我可以為您服務的地方嗎？
",0.98,0.95,1.0,0.96,0.92
27,熱水瓶底下都有白白的垢，那個吃下去會不會結石？,"您好，我是台水親切的客服AI。

關於熱水瓶底下的白色垢，這個問題不在我們台水的服務範圍內，比較屬於居家清潔和健康相關的問題。

不過我可以提供您一些方向：

*   **白色垢的成分：** 通常熱水瓶底下的白色垢是水中的礦物質，例如碳酸鈣和碳酸鎂，經過加熱沉澱下來的。
*   **是否會結石：** 雖然這些礦物質是我們日常生活中需要的，但長期大量攝取，的確有可能增加腎結石的風險。
*   **建議：**
    *   **不要飲用有白色垢的水：** 為了健康，建議不要飲用底部有白色垢的熱水。
    *   **定期清潔熱水瓶：** 建議定期清潔熱水瓶，去除這些白色垢。市面上也有專門的清潔劑可以使用。
    *   **諮詢專業人士：** 如果您對健康有疑慮，建議諮詢醫生或營養師。

希望這些資訊對您有幫助！如果您有關於用水的問題，例如漏水、水壓不足、或帳單繳納等，隨時都可以撥打1910或向當地營運所反映，我們很樂意為您服務。
",0.98,0.95,1.0,0.96,0.92
28,我忘了繳錢，現在半夜超商還能繳嗎？還是會被斷水？,"您好，親愛的顧客，我是台水客服AI。

別擔心！您忘了繳水費，半夜還是有繳費方式喔！您可以透過**線上刷卡或行動支付APP**繳納，這樣銷帳速度會比較快。

如果只是**逾期幾天**（還在代收期限內），去超商繳費也是可以的，但會**加收遲延金**喔。

不過，如果已經**超過兩個月**未繳費，可能會被**停水**，所以建議您盡快處理。

希望這些資訊對您有幫助！還有其他問題嗎？
",0.98,0.95,1.0,0.96,0.92
29,為什麼洗澡水忽大忽小，樓上根本洗不痛快！,"您好，親愛的顧客您！

關於您洗澡水忽大忽小，樓上洗不痛快的狀況，這通常是**水壓問題**造成的喔！

尤其您住在比較高的樓層，自來水本身的自然壓力可能不足。建議您可以檢查一下，看看家中是否**已經安裝了蓄水池與加壓馬達**，並且改採**「間接供水」**的方式（也就是先將水抽到頂樓水塔，再往下流），這樣可以讓水壓比較穩定，洗澡的體驗也會更好喔！

希望這些資訊對您有幫助！如果還有其他問題，隨時都可以再撥打1910或是向當地的營運所反映，我們都很樂意為您服務！
",0.98,0.95,1.0,0.96,0.92
30,我覺得隔壁好像偷接我的水管，水費變好多，要去哪裡講？,"您好，非常理解您的擔心！水費突然變多，的確讓人很焦慮。

如果您懷疑隔壁有偷接您的水管，也就是「竊水」或盜用，您可以向台水公司檢舉喔！我們會**保密您的身分**，不用擔心。

如果我們查證屬實，並成功追回水費，您還**可以獲得獎金**呢！

您可以撥打台水公司的免費服務專線 **1910**，或是直接向您當地的營運所反映。

希望這些資訊對您有幫助！有任何其他問題，隨時都可以再問我喔。
",0.98,0.95,1.0,0.96,0.92
